Question, Label
What are the primary services offered by local specialized freight trucking companies in Canada?, Truck
What is the current revenue trend for the local specialized freight trucking industry in Canada?, Truck
How has the Canadian exchange rate affected the competitiveness of local specialized freight trucking companies?, Truck
What is the typical profit margin for local specialized freight trucking businesses in Canada?, Truck
What are the major players in the Canadian local specialized freight trucking industry?, Truck
What are the main challenges faced by new entrants to the local specialized freight trucking industry?, Truck
What are the main competitive forces in the Canadian local specialized freight trucking industry?, Truck
What are the major markets for local specialized freight trucking services in Canada?, Truck
What are the main import and export trends for local specialized freight trucking services?, Truck
What government assistance programs are available to local specialized freight trucking companies in Canada?, Truck
What are the key cost drivers in the Canadian local specialized freight trucking industry?, Truck
What technological innovations are impacting the local specialized freight trucking industry?, Truck
How are local specialized freight trucking businesses adapting to the increasing focus on sustainability and environmental regulations?, Truck
What is the impact of labor shortages on the local specialized freight trucking industry in Canada?, Truck
What are the primary services offered by long-distance freight trucking companies in Canada?, Truck
What is the current revenue trend for the long-distance freight trucking industry in Canada?, Truck
How has the Canadian exchange rate affected the competitiveness of long-distance freight trucking companies?, Truck
What is the typical profit margin for long-distance freight trucking businesses in Canada?, Truck
What are the major players in the Canadian long-distance freight trucking industry?, Truck
What are the main challenges faced by new entrants to the long-distance freight trucking industry?, Truck
What are the main competitive forces in the Canadian long-distance freight trucking industry?, Truck
What are the major markets for long-distance freight trucking services in Canada?, Truck
What are the main import and export trends for long-distance freight trucking services?, Truck
What government assistance programs are available to long-distance freight trucking companies in Canada?, Truck
What are the key cost drivers in the Canadian long-distance freight trucking industry?, Truck
What technological innovations are impacting the long-distance freight trucking industry?, Truck
How are long-distance freight trucking businesses adapting to the increasing focus on sustainability and environmental regulations?, Truck
What is the impact of labor shortages on the long-distance freight trucking industry in Canada?, Truck
How do successful businesses in the Canadian trucking industry both local and long-distance manage volatility and competition?, Truck
What are the key success factors for Canadian trucking companies in both the local and long-distance segments?, Truck
What are the main types of specialized freight transported by long-distance trucking companies in Canada?, Truck
What are the key factors influencing the demand for long-distance specialized freight trucking services in Canada?, Truck
What is the current state of the long-distance specialized freight trucking industry in Canada in terms of revenue profit and employment?, Truck
How has the economic climate e.g. inflation interest rates consumer spending impacted the long-distance specialized freight trucking industry?, Truck
What are the main challenges faced by long-distance specialized freight trucking companies in Canada e.g. competition regulations labor shortages?, Truck
How are long-distance specialized freight trucking companies adapting to technological advancements such as autonomous vehicles and electric trucks?, Truck
What are the key success factors for long-distance specialized freight trucking businesses in Canada?, Truck
What strategies do successful businesses employ to manage volatility in fuel prices and other input costs?, Truck
What are the main competitive forces in the Canadian long-distance specialized freight trucking industry?, Truck
What is the level of market concentration in the Canadian long-distance specialized freight trucking industry?, Truck
How do long-distance specialized freight trucking companies manage buyer and supplier power?, Truck
What are the main import and export trends for long-distance specialized freight trucking services in Canada?, Truck
What regulations and policies impact the long-distance specialized freight trucking industry in Canada?, Truck
What types of government assistance or support are available to long-distance specialized freight trucking companies?, Truck
How do geographical factors e.g. population density proximity to markets influence the location of long-distance specialized freight trucking businesses?, Truck
What are some of the innovations in products and services within the long-distance specialized freight trucking industry?, Truck
What is the outlook for the Canadian long-distance specialized freight trucking industry over the next few years?, Truck
How are long-distance specialized freight trucking companies adapting to the growing emphasis on sustainability and environmental concerns?, Truck
What are the key challenges and opportunities facing potential entrants to the Canadian long-distance specialized freight trucking market?, Truck